{"cameraMode":{"drawMode":0,"name":"Shaded","section":"Shading Mode"},"sceneLighting":false,"audioPlay":false,"sceneViewState":{"m_AlwaysRefresh":false,"showFog":true,"showSkybox":true,"showFlares":true,"showImageEffects":true,"showParticleSystems":true,"showVisualEffectGraphs":true,"m_FxEnabled":true},"in2DMode":false,"pivot":{"x":0.2741079032421112,"y":-4.169804573059082,"z":-19.30997085571289},"rotation":{"x":-0.022759204730391504,"y":-0.06683630496263504,"z":0.001508088200353086,"w":-0.9975166320800781},"size":3.611696243286133,"orthographic":false}