{"cameraMode":{"drawMode":0,"name":"Shaded","section":"Shading Mode"},"sceneLighting":false,"audioPlay":false,"sceneViewState":{"m_AlwaysRefresh":false,"showFog":true,"showSkybox":true,"showFlares":true,"showImageEffects":true,"showParticleSystems":true,"showVisualEffectGraphs":true,"m_FxEnabled":true},"in2DMode":false,"pivot":{"x":2.0005900859832765,"y":-1.8572016954421998,"z":-4.1682586669921879},"rotation":{"x":-0.2673327326774597,"y":-0.08888666331768036,"z":0.024765051901340486,"w":-0.9591853022575378},"size":2.1213202476501467,"orthographic":false}