{"cameraMode":{"drawMode":0,"name":"Shaded","section":"Shading Mode"},"sceneLighting":false,"audioPlay":false,"sceneViewState":{"m_AlwaysRefresh":false,"showFog":true,"showSkybox":true,"showFlares":true,"showImageEffects":true,"showParticleSystems":true,"showVisualEffectGraphs":true,"m_FxEnabled":true},"in2DMode":false,"pivot":{"x":10.107175827026368,"y":-0.8319512009620667,"z":-14.233237266540528},"rotation":{"x":-0.31990015506744387,"y":0.1559286266565323,"z":-0.053473182022571567,"w":-0.9330089688301086},"size":2.1213202476501467,"orthographic":false}