{"cameraMode":{"drawMode":0,"name":"Shaded","section":"Shading Mode"},"sceneLighting":false,"audioPlay":false,"sceneViewState":{"m_AlwaysRefresh":false,"showFog":true,"showSkybox":true,"showFlares":true,"showImageEffects":true,"showParticleSystems":true,"showVisualEffectGraphs":true,"m_FxEnabled":true},"in2DMode":false,"pivot":{"x":-1.5938338041305543,"y":4.275911331176758,"z":-10.264918327331543},"rotation":{"x":-0.0032351308036595585,"y":0.20904453098773957,"z":-0.0006989343673922122,"w":-0.977908730506897},"size":2.1213202476501467,"orthographic":false}