{"cameraMode":{"drawMode":0,"name":"Shaded","section":"Shading Mode"},"sceneLighting":false,"audioPlay":false,"sceneViewState":{"m_AlwaysRefresh":false,"showFog":true,"showSkybox":false,"showFlares":true,"showImageEffects":true,"showParticleSystems":true,"showVisualEffectGraphs":true,"m_FxEnabled":true},"in2DMode":false,"pivot":{"x":720.0730590820313,"y":324.1475524902344,"z":0.49706169962882998},"rotation":{"x":-0.09405861794948578,"y":-0.2677648067474365,"z":0.026262689381837846,"w":-0.9585334062576294},"size":2.111696243286133,"orthographic":false}